ARIMA_MAE,ARIMA_RMSE,ARIMA_MDA (%),ARIMA_Pearson
2.1217561131518896,2.8852449355794367,50.37593984962406,0.9960286882016781
