"GARCH(1, 1)_Variance_MAE","GARCH(1, 1)_Variance_RMSE"
2.9309493545476664,5.81932467981109
