XGBoost_MAE,XGBoost_RMSE,XGBoost_MDA (%),XGBoost_Pearson
59.37483344624061,67.69126553200518,46.94189602446483,0.00023021661335414042
